{"cameraMode":{"drawMode":0,"name":"Shaded","section":"Shading Mode"},"sceneLighting":true,"audioPlay":false,"sceneViewState":{"m_AlwaysRefresh":false,"showFog":true,"showSkybox":true,"showFlares":true,"showImageEffects":true,"showParticleSystems":true,"showVisualEffectGraphs":true,"m_FxEnabled":true},"in2DMode":false,"pivot":{"x":3.6800003051757814,"y":3.9200000762939455,"z":-12.329999923706055},"rotation":{"x":0.11409597843885422,"y":-0.32842105627059939,"z":0.03999876230955124,"w":0.9367659687995911},"size":8.201410293579102,"orthographic":false}