{"cameraMode":{"drawMode":0,"name":"Shaded","section":"Shading Mode"},"sceneLighting":true,"audioPlay":false,"sceneViewState":{"m_AlwaysRefresh":false,"showFog":true,"showSkybox":true,"showFlares":true,"showImageEffects":true,"showParticleSystems":true,"showVisualEffectGraphs":true,"m_FxEnabled":false},"in2DMode":false,"pivot":{"x":20.784101486206056,"y":-117.06171417236328,"z":84.61163330078125},"rotation":{"x":0.3757494390010834,"y":0.0710669606924057,"z":-0.028917735442519189,"w":0.9235524535179138},"size":114.29351806640625,"orthographic":false}