{"cameraMode":{"drawMode":0,"name":"Shaded","section":"Shading Mode"},"sceneLighting":true,"audioPlay":false,"sceneViewState":{"m_AlwaysRefresh":false,"showFog":true,"showSkybox":true,"showFlares":true,"showImageEffects":true,"showParticleSystems":true,"showVisualEffectGraphs":true,"m_FxEnabled":true},"in2DMode":false,"pivot":{"x":4.25535249710083,"y":3.050950288772583,"z":-10.530047416687012},"rotation":{"x":-0.0042951758950948719,"y":0.7278407216072083,"z":0.004606951028108597,"w":0.6857722401618958},"size":1.559902548789978,"orthographic":false}