{"cameraMode":{"drawMode":0,"name":"Shaded","section":"Shading Mode"},"sceneLighting":true,"audioPlay":false,"sceneViewState":{"m_AlwaysRefresh":false,"showFog":true,"showSkybox":true,"showFlares":true,"showImageEffects":true,"showParticleSystems":true,"showVisualEffectGraphs":true,"m_FxEnabled":false},"in2DMode":false,"pivot":{"x":4.203475475311279,"y":3.736955404281616,"z":-14.852614402770996},"rotation":{"x":0.12228957563638687,"y":-0.12588916718959809,"z":0.01563982293009758,"w":0.9843553304672241},"size":0.5670567750930786,"orthographic":false}