{"cameraMode":{"drawMode":0,"name":"Shaded","section":"Shading Mode"},"sceneLighting":true,"audioPlay":false,"sceneViewState":{"m_AlwaysRefresh":false,"showFog":true,"showSkybox":true,"showFlares":true,"showImageEffects":true,"showParticleSystems":true,"showVisualEffectGraphs":true,"m_FxEnabled":true},"in2DMode":false,"pivot":{"x":330.6523132324219,"y":732.7108764648438,"z":59.48482894897461},"rotation":{"x":0.013146317563951016,"y":-0.08987081795930863,"z":0.0011863524559885264,"w":0.9958668947219849},"size":256.52484130859377,"orthographic":true}