{"cameraMode":{"drawMode":0,"name":"Shaded","section":"Shading Mode"},"sceneLighting":true,"audioPlay":false,"sceneViewState":{"m_AlwaysRefresh":false,"showFog":true,"showSkybox":true,"showFlares":true,"showImageEffects":true,"showParticleSystems":true,"showVisualEffectGraphs":true,"m_FxEnabled":true},"in2DMode":false,"pivot":{"x":1.7523596286773682,"y":0.3522648811340332,"z":-0.6477742791175842},"rotation":{"x":-0.17521564662456513,"y":0.5190628170967102,"z":-0.10966597497463227,"w":-0.8294068574905396},"size":1.605228066444397,"orthographic":false}